NameofPP,TotalTime,TotalCost,TotalNodes
A Star,0.04208565,33,33
Dijkstra,0.7147179,1122,34
A Star,0.03072357,42,42
Dijkstra,0.4206524,1806,43
TRRT,21.41181,108.5371,245
A Star,0.01268005,27,27
Dijkstra,0.1925488,1134,28
TRRT,29.32704,92.20257,188
