NameofPP,TotalTime,TotalCost,TotalNodes
A Star,0.02486038,46,46
Dijkstra,0.3546219,2162,47
TRRT,79.67802,87.47231,177
TRRT,609.6271,78.63046,154
A Star,0.078125,20,20
Dijkstra,1.079712,420,21
